MAE,MSE,RMSE,R2
4.787799186567165,725.0811489869475,26.927330892365614,0.992165070977847
