Feature,Mean |SHAP value|
expenses,167.77153681488335
age,69.32763161912104
discount_eligibility,0.7323380959480257
bmi,0.623450111520069
children,0.17144391287775287
gender,0.1110041758740391
southwest,0.061469815925379305
southeast,0.05907271007179492
northeast,0.04671198417288341
northwest,0.04135745429602496
