MAE,MSE,RMSE,R2
224.9371101766558,1086162.8838381728,1042.1913854173679,0.9930037246825596
