MAE,MSE,RMSE,R2
197.78366492537162,944955.0668477959,972.0879933667507,0.9939132832573734
