Feature,MAE,MSE,RMSE,R2
expenses,2524.0460054494374,20220715.75572114,4496.745017868051,0.8697527814218632
premium,43.00936220103022,6768.377746075054,82.27015100311324,0.9268636906231681
