Feature,Mean |SHAP value|
discount_eligibility,7894.237828834671
age,3268.9391991467764
bmi,2153.059375674488
children,720.8041864034809
northeast,311.565360568669
gender,228.03893417976687
southwest,158.27202166424672
northwest,107.00853655961272
southeast,72.30749893141711
