MAE,MSE,RMSE,R2
3.0121089396462506,98.56576541613748,9.928029281591462,0.9989349388311521
