Feature,Mean |SHAP value|
expenses,171.58735307341465
age,70.12186647319626
children,0.5835532040187601
bmi,0.43454564313763705
northeast,0.16298063658033266
southwest,0.1335908600807875
discount_eligibility,0.12757155118085278
gender,0.09288264937856416
southeast,0.08213314786953567
northwest,0.045018479247765766
