Feature,MAE,MSE,RMSE,R2
expenses,2524.890146268657,21303382.917301442,4615.558787113587,0.8627790230175978
premium,43.755106282782506,6846.682495222458,82.7446825797432,0.9260175616726023
